4/29/2014,Whaling
4/29/2014,whaling
4/29/2014,whaling die
4/29/2014,Whale Slaughter
4/29/2014,Whale
4/29/2014,Resuming Whale Slaughter
4/29/2014,Denounce Japan for Resuming Whale Slaughter
4/29/2014,Japan
4/29/2014,Whale Slaughter
4/29/2014,Whale
4/29/2014,Denounce Japan for Whale Slaughter
4/29/2014,Japan
4/29/2014,Denounce Japan for Whale Slaughter
4/29/2014,Whale Slaughter
4/29/2014,Whale
4/29/2014,Denounce Japan
4/29/2014,Japan
4/29/2014,Senkaku Islands
4/29/2014,Maritime Peace
4/29/2014,Japanease
4/29/2014,"#JAPAN #Senkaku The Senkaku Islands Seeking Maritime Peace based on the Rule of Law,"
4/29/2014,#JAPAN
4/29/2014,Alaska Whale Stew
4/29/2014,Whale
4/29/2014,#thecove #whaling
4/29/2014,#whaling
4/29/2014,Whale
4/29/2014,#Tweet4Taiji #thecove #whaling
4/29/2014,Whaling
4/29/2014,#Tweet4Taiji #thecove #seashepherd
4/29/2014,Japan
4/29/2014,Great Whaling Nations
4/29/2014,Whaling Nations Japan
4/29/2014,Whale
4/29/2014,#whaling
4/29/2014,Whale Steak &amp; Whale in Red Wine
4/29/2014,#whaling
4/29/2014,Whaling
4/29/2014,#seashepherd
4/29/2014,Whaling Nations
4/29/2014,whaling fleet
4/29/2014,International court delivers ban verdict
4/29/2014,Japanese
4/29/2014,Japanese whaling fleet leaves port weeks after International court delivers ban verdict
4/29/2014,Japanese whaling fleet
4/29/2014,Japanese whaling fleet leaves port
4/29/2014,Japanese whaling
4/29/2014,Whale
4/29/2014,#thecove #whaling
4/29/2014,#whaling
4/29/2014,#Tweet4Taiji
4/29/2014,National Anthems of Great Current Whaling Nations
4/29/2014,Whaling Nations
4/29/2014,National Anthems
4/29/2014,Whaling Nations
4/29/2014,early whaling days
4/29/2014,Great Current Whaling Nations
4/29/2014,Whaling
4/29/2014,#Tweet4Taiji #TheCove #SeaShepherd
4/29/2014,Current Whaling Nations
4/29/2014,whaling
4/29/2014,during early whaling days
4/29/2014,National Anthems of Great Current Whaling Nations
4/29/2014,Whaling Nations
4/29/2014,#Tweet4Taiji #ShutTaijiDown #tweet4dolphins #opkillingbay #seashepherd
4/29/2014,whaling
4/29/2014,we should allow whaling
4/29/2014,#tweet4dolphins
4/29/2014,"whaling,"
4/29/2014,Pacific
4/29/2014,wonderful Japanese
4/29/2014,refusing
4/29/2014,Japanese
4/29/2014,whaling
4/29/2014,Why Norway Needs to Let Whaling Die
4/29/2014,Let Whaling Die
4/29/2014,Why Norway Needs
4/29/2014,whaling industry in Norway
4/29/2014,Denounce Japan for Whale Slaughter
4/29/2014,Whale Slaughter
4/29/2014,Denounce Japan
4/29/2014,Japan
4/29/2014,Denounce Japan for Whale Slaughter
4/29/2014,Whale Slaughter
4/29/2014,Denounce Japan
4/29/2014,Japan
4/29/2014,Japan for Whale Slaughter
4/29/2014,Whale Slaughter
4/29/2014,Whale
4/29/2014,Japan for Resuming Whale Slaughter
4/29/2014,Denounce Japan for Resuming Whale Slaughter
4/29/2014,Denounce Japan
4/29/2014,Japan
4/30/2014,whaling
4/30/2014,Denounce Japan for Whale Slaughter
4/30/2014,Whale Slaughter
4/30/2014,Whale
4/30/2014,Japan
4/30/2014,Keep Japan from Whaling?
4/30/2014,Whaling?
4/30/2014,Japan from Whaling?
4/30/2014,International Pressure Really Keep Japan from Whaling?
4/30/2014,Japan
4/30/2014,Can International Pressure Really Keep Japan from Whaling?
4/30/2014,Denounce Japan for Whale Slaughter
4/30/2014,Whale Slaughter
4/30/2014,#Japan #Whale
4/30/2014,Whale
4/30/2014,#Japan
4/30/2014,Japan
4/30/2014,"Epic ""YEET"" Compilation"
4/30/2014,#Whaling:
4/30/2014,#Whaling:
4/30/2014,Craze!
4/30/2014,Japan loses whaling case
4/30/2014,whaling
4/30/2014,Japan
4/30/2014,international court
4/30/2014,Stay on Japanese Antarctic Whaling
4/30/2014,Whaling
4/30/2014,Japanese Antarctic Whaling
4/30/2014,Japanese
4/30/2014,Japan's whaling
4/30/2014,Japan's whaling the end is nigh
4/30/2014,Denounce Japan for Whale Slaughter
4/30/2014,Whale Slaughter
4/30/2014,Whale
4/30/2014,Denounce Japan
4/30/2014,Japan
4/30/2014,Japan for Whale Slaughter
4/30/2014,Whale Slaughter
4/30/2014,Whale
4/30/2014,Japan
4/30/2014,Japan for Whale Slaughter
4/30/2014,the end
4/30/2014,Japan's whaling
4/30/2014,end is nigh
4/30/2014,Japan's whaling the end is nigh
4/30/2014,Denounce Japan for Whale Slaughter
4/30/2014,Whale Slaughter
4/30/2014,Whale
4/30/2014,Japan
4/30/2014,Japan for Whale Slaughter
4/30/2014,#whaling fleet leaves #Japan
4/30/2014,#Japan
4/30/2014,hunting
4/30/2014,#whaling
4/30/2014,#whaling fleet leaves #Japan since #UN hunting ban in Antarctic
4/30/2014,#whaling fleet leaves #Japan
4/30/2014,#UN hunting ban in Antarctic
4/30/2014,#whaling
4/30/2014,Antarctic
4/30/2014,hunting ban
4/30/2014,#Japan
4/30/2014,Denounce Japan for Whale Slaughter
4/30/2014,Whale Slaughter
4/30/2014,ForceChange
4/30/2014,Whale
4/30/2014,Japan
4/30/2014,Denounce Japan for Whale Slaughter
4/30/2014,Whale Slaughter
4/30/2014,Japan
4/30/2014,Japan for Whale Slaughter
4/30/2014,Denounce Japan for Whale Slaughter
4/30/2014,Whale Slaughter
4/30/2014,Japan
4/30/2014,Japan for Whale Slaughter
4/30/2014,Japan Sets Off for First Whaling
4/30/2014,Whaling Since UN Court Ruling
4/30/2014,First Whaling
4/30/2014,for First
4/30/2014,Whaling
4/30/2014,Japan Sets Off
4/30/2014,Japan Sets Off for First Whaling Since UN Court Ruling
4/30/2014,Japan
4/30/2014,First Whaling
4/30/2014,Whaling
4/30/2014,Japan Sets Off for First Whaling Since UN Court Ruling
4/30/2014,Japan
4/30/2014,Why Norway Needs to Let Whaling Die
5/1/2014,Whale Slaughter
5/1/2014,Whale
5/1/2014,Denounce Japan
5/1/2014,Denounce Japan for Whale Slaughter
5/1/2014,Japan
5/1/2014,whales are not recovering
5/1/2014,Clues to why whales are not recovering
5/1/2014,whales
5/1/2014,not recovering
5/1/2014,whaling ground
5/1/2014,Japanese whaling fleet
5/1/2014,Japanese whaling
5/1/2014,whaling
5/1/2014,Japan to stop whaling
5/1/2014,Japan
5/1/2014,whales
5/1/2014,Whaling
5/1/2014,ecologically sound as Whaling by the Japanese
5/1/2014,Whaling by the Japanese
5/1/2014,Japanese
5/1/2014,Japan's whaling the end is nigh
5/1/2014,Japan's whaling
5/1/2014,the end is nigh
5/1/2014,Anti-Whaling Ship
5/1/2014,Anti-Whaling
5/1/2014,Stand Against Whaling!
5/1/2014,Against Whaling!
5/1/2014,The Petition
5/1/2014,New Zealand: Stand Against Whaling!
5/2/2014,JAPAN
5/2/2014,YASUKUNI SHRINE JAPAN
5/2/2014,Whaling
5/2/2014,Resuming Whaling
5/2/2014,Japan
5/2/2014,whaling ships!
5/2/2014,That's
5/2/2014,illegal whaling ships!
5/2/2014,whaling
5/2/2014,coast of japan
5/2/2014,japan
5/2/2014,"Whales,"
5/2/2014,Whaling
5/2/2014,Whaling Tune
5/2/2014,Anti-Whaling Promise
5/2/2014,Australia: Keep Anti-Whaling Promise
5/2/2014,Keep Anti-Whaling Promise
5/2/2014,Australia:
5/2/2014,Anti-Whaling
5/2/2014,"Whaling"""
5/2/2014,"""New Whaling"""
5/2/2014,"Whaling Museum,"
5/2/2014,whale
5/2/2014,Whaling
5/2/2014,Arctic whaling
5/2/2014,whaling
5/2/2014,whales
5/2/2014,whaling
5/2/2014,whales
5/2/2014,whaling
5/2/2014,Whaling
5/2/2014,Whaling
5/2/2014,Japanese Whaling
5/2/2014,post on whaling
5/2/2014,whaling
5/2/2014,"Antarctic whaling ban,"
5/2/2014,whaling
5/2/2014,"whaling ban,"
5/2/2014,#Japan
5/2/2014,Whaling
5/2/2014,Japan Stop Whaling
5/2/2014,Japan
5/2/2014,Japanese whaling fleet set to sail
5/2/2014,#japan #whaling
5/2/2014,Japanese whaling fleet
5/2/2014,Japan
5/2/2014,Japanese whaling
5/2/2014,#japan #whaling
5/2/2014,Japanese whaling fleet
5/2/2014,#japan #whaling #debate
5/2/2014,Japanese whaling fleet set to sail despite recent ruling
5/2/2014,Japan
5/2/2014,Japanese whaling
5/2/2014,Denounce Japan for Whale Slaughter
5/2/2014,Whale Slaughter
5/2/2014,Whale
5/2/2014,Japan
5/2/2014,Japan for Whale Slaughter
5/2/2014,Whale Slaughter
5/2/2014,Whale
5/2/2014,Japan
5/2/2014,Japan for Whale Slaughter
5/2/2014,Halt on Japanese Whaling
5/2/2014,Court Orders
5/2/2014,Court Orders a Halt on Japanese Whaling
5/2/2014,Japanese Whaling
5/2/2014,Halt
5/3/2014,JAPAN
5/3/2014,YASUKUNI SHRINE JAPAN
5/3/2014,JAPAN
5/3/2014,YASUKUNI SHRINE JAPAN
5/3/2014,JAPAN
5/3/2014,動画を高く評価しました:
5/3/2014,#Whaling:
5/3/2014,victory for whales
5/3/2014,whaling is illegal
5/3/2014,whaling
5/3/2014,Japan's 'scientific' whaling is illegal
5/3/2014,"""Get your harpoon ready,"
5/3/2014,"whaling"""
5/3/2014,@thecovenews) #dolphins
5/3/2014,Whaling
5/3/2014,#dolphins #wh…
5/3/2014,Miami Seaquarium
5/3/2014,The Taiji Whaling Museum and the Miami Seaquarium
5/3/2014,Taiji Whaling Museum
5/3/2014,Whaling
5/3/2014,Let Whaling Die
5/3/2014,Japan's
5/3/2014,Whaling
5/3/2014,Justice Rules Japan's S
5/3/2014,Intl Court of Justice Rules Japan's S
5/3/2014,#Whales
5/4/2014,#Japan
5/4/2014,YASUKUNI
5/4/2014,JAPAN
5/5/2014,SHRINE JAPAN
5/5/2014,JAPAN
5/5/2014,YASUKUNI
5/5/2014,JAPAN
5/5/2014,Japan
5/5/2014,"Antarctic whaling ban,"
5/5/2014,plans to
5/5/2014,whaling
5/5/2014,"Japan changes its mind about Antarctic whaling ban,"
5/5/2014,hunts
5/5/2014,Japan changes
5/5/2014,Japan
5/5/2014,Australia v
5/5/2014,Whaling
5/5/2014,#WhaleWars
5/5/2014,Japan
5/5/2014,Whaling
5/5/2014,Japan
5/5/2014,Whaling in the Antarctic Australia v
5/5/2014,Billy
5/5/2014,New Whaling
5/5/2014,Bonnie 'Prince' Billy New Whaling
5/5/2014,Japanese whaling
5/5/2014,Denounce Japan for Whale Slaughter
5/5/2014,Whale Slaughter
5/5/2014,Whale
5/5/2014,Denounce Japan
5/5/2014,Japan
5/5/2014,Japan for Whale Slaughter
5/5/2014,#Whaling:
5/5/2014,whaling
5/5/2014,#whaling
5/6/2014,Canada
5/6/2014,Whaling
5/6/2014,National Anthems of Great Current Whaling Nations
5/6/2014,Current Whaling Nations
5/6/2014,Denounce Japan for #Whale Slaughter
5/6/2014,#Whale
5/6/2014,#Whale Slaughter
5/6/2014,Japan
5/6/2014,Alaska Whale Stew
5/6/2014,#thecove #whaling
5/6/2014,#whaling
5/6/2014,End Whaling
5/6/2014,Japan Ordered
5/6/2014,Whaling
5/6/2014,End Whaling as Hunt
5/6/2014,Japan
5/6/2014,Japan Ordered to End Whaling as Hunt Is Not Science
5/6/2014,Japan Ordered to End Whaling
5/6/2014,Hunt
5/6/2014,Whaling
5/6/2014,ICJ Judgment in Australia v Japan (Antarctic Whaling):
5/6/2014,(Antarctic Whaling):
5/6/2014,ICJ
5/6/2014,Australia
5/6/2014,Whaling):
5/6/2014,Japan
5/6/2014,#Fisheries #Whales #Whaling
5/6/2014,whale
5/6/2014,don't support whale
5/6/2014,#Whaling
5/6/2014,Denounce Japan for Whale Slaughter
5/6/2014,Whale Slaughter
5/6/2014,Japan
5/6/2014,Japan for Whale Slaughter
5/6/2014,Japanese whaling group intends to resume its hunts
5/6/2014,hunts
5/6/2014,Japanese whaling
5/7/2014,Japan confirms cancellation of whale hunt
5/7/2014,cancellation of whale hunt
5/7/2014,Whaling
5/7/2014,whale hunt
5/7/2014,Japan
5/7/2014,cancellation
5/7/2014,whale
5/7/2014,Whaling
5/7/2014,Japan
5/7/2014,whale hunt
5/7/2014,"Whaling,"
5/7/2014,"Whaling, hypocrites, shameful"
5/7/2014,170 sharks caught under Australia cull policy
5/7/2014,"You stop Japan from Whaling,"
5/7/2014,Japan
5/7/2014,Whale Slaughter
5/7/2014,Whale
5/7/2014,Denounce Japan
5/7/2014,Japan for Whale
5/7/2014,Japan
5/7/2014,whaling
5/8/2014,#Whaling:
5/8/2014,JAPAN
5/8/2014,#Whaling:
5/8/2014,whaling fleet
5/8/2014,Whaling
5/8/2014,Sag Harbor Whaling Museum Raises Funds Through Local Crowd-Funding
5/8/2014,Japanese whaling group
5/8/2014,hunts
5/8/2014,Japanese whaling
5/8/2014,how is this any more scientific than Japan's whaling programs?
5/8/2014,Japan's whaling
5/8/2014,Japan's whaling programs?
5/8/2014,whales
5/8/2014,Whaling
5/8/2014,Whaling
5/8/2014,whaling
5/8/2014,whaling
5/8/2014,whaling ship
5/8/2014,Whaling
5/8/2014,Whaling in Antarctica
5/8/2014,Whaling
5/8/2014,whaling
5/8/2014,roam
5/8/2014,Antarctic
5/8/2014,#Japanese whaling ships to roam Antarctic again
5/8/2014,again
5/8/2014,#Japanese whaling ships
5/8/2014,#Japanese whaling
5/9/2014,Nations
5/9/2014,Whaling
5/9/2014,Whaling Nations
5/9/2014,Current
5/9/2014,The Senkaku Islands
5/9/2014,Maritime Peace
5/9/2014,The Senkaku Islands
5/9/2014,whaling program
5/9/2014,Japan restarts whaling program
5/9/2014,Japan restarts whaling
5/9/2014,Japan restarts whaling program in north-west Pacific from base at port of Ayukawa
5/9/2014,Japan
5/9/2014,Japan continues whaling
5/9/2014,whaling
5/9/2014,Japan
5/9/2014,Denounce Japan for Whale Slaughter
5/9/2014,Whale Slaughter
5/9/2014,Japan
5/9/2014,return to the hunt
5/9/2014,whaling
5/9/2014,Stop whaling
5/9/2014,Japan's whalers
5/9/2014,No Japan
5/9/2014,Japan
5/9/2014,Japan restarts whaling
5/9/2014,Japan restarts whaling program in north-west
5/9/2014,whaling
5/9/2014,Japan
5/9/2014,whaling program
5/9/2014,Japan restarts whaling program
5/9/2014,north-west Pacific
5/9/2014,Salt sea haulage whaling fleet
5/9/2014,Japan's
5/9/2014,"""Scientific Whaling"""
5/9/2014,"Whaling"""
5/9/2014,"Whales,"
5/9/2014,Japan accepts court ban on Antarctic whaling
5/9/2014,whaling
5/9/2014,Antarctic whaling
5/9/2014,Japan accepts court ban
5/9/2014,Japan
5/9/2014,Japan accepts court ban on Antarctic whaling
5/9/2014,Antarctic whaling
5/9/2014,ban
5/9/2014,Japan
5/9/2014,Japan's
5/9/2014,victory for whales
5/9/2014,whaling
5/9/2014,World Court says Japan's 'scientific' whaling is illegal and must end
5/9/2014,World Court
5/9/2014,illegal
5/9/2014,whales
5/9/2014,Japanese whaling ships coming back
5/9/2014,Japanese whaling ships coming
5/9/2014,Japanese whaling ships
5/9/2014,Japan
5/9/2014,Japanese whaling
5/9/2014,Japanese whaling ships
5/9/2014,Japanese whaling
5/9/2014,Japanese whaling ships to roam Antarctic again
5/9/2014,Japanese whaling
5/9/2014,Whaling
5/9/2014,Stop Whaling
5/9/2014,Stop Whaling Now!
5/10/2014,Japanese whaling ships to roam Antarctic again
5/10/2014,Japanese whaling ships
5/10/2014,Japanese whaling
5/10/2014,like Japanese whaling
5/10/2014,it's like Japanese whaling
5/10/2014,Japanese whaling
5/10/2014,this House condemns the departure of the Japanese whaling fleet
5/10/2014,International Whaling
5/10/2014,Japanese whaling fleet
5/10/2014,Japanese #Whaling in Southern Oceans
5/10/2014,Japanese #Whaling
5/10/2014,Japanese #Whaling
5/10/2014,whaling
5/10/2014,Japan restarts whaling program in
5/10/2014,Japan restarts whaling program
5/10/2014,Japan restarts whaling program in north-west Pacific
5/10/2014,Japan
5/10/2014,Japanese whaling
5/10/2014,Whaling
5/11/2014,Whaling Industry Plans
5/11/2014,Responds to Whaling
5/11/2014,Whaling
5/11/2014,Anti-whaling group
5/11/2014,Anti-whaling
5/11/2014,Whaling Industry
5/11/2014,Whaling
5/11/2014,Whaling a cautionary Tail
5/11/2014,International Whaling Commission
5/11/2014,Whaling
5/11/2014,Dolphin
5/11/2014,Dolphin advocate and scientist to speak to International Whaling Commission NZ sitting on its hands
5/11/2014,Whale Slaughter
5/11/2014,Denounce #Japan for Whale Slaughter
5/11/2014,Whale
5/11/2014,#AnimalRights
5/11/2014,#Japan for Whale Slaughter
5/11/2014,#Japan
5/11/2014,Japanese whaling caught in a tight spot
5/11/2014,Japanese whaling caught
5/11/2014,Japanese whaling
5/12/2014,Whale Whaling Trade
5/12/2014,Whaling Trade
5/12/2014,wanna go whaling one day
5/12/2014,whale
5/12/2014,whaling
5/12/2014,I just wanna harpoon a whale
5/12/2014,harpoon
5/12/2014,Whaling
5/12/2014,Whaling ship
5/12/2014,Whaling ship sets sail on new mission
5/12/2014,Whaling ship sets sail
5/14/2014,whaling
5/14/2014,whaling ship
5/14/2014,Senkaku Islands
5/15/2014,Activists
5/15/2014,whaling
5/15/2014,Japanese whaling town
5/15/2014,Activists sue Japanese whaling town
5/15/2014,Japanese whaling
5/15/2014,Japan whaling town sued by dolphin activists
5/15/2014,sued
5/15/2014,dolphin
5/15/2014,dolphin activists
5/15/2014,Japan whaling
5/15/2014,Whaling
5/15/2014,Candidates Feel The Heat On Whaling
5/16/2014,End Whaling
5/16/2014,Whaling
5/16/2014,Japan
5/16/2014,Not Scientific
5/16/2014,UN Court Orders Japan to End Whaling
5/16/2014,Hunt
5/16/2014,Whaling
5/16/2014,Whaling town sued by dolphin activists
5/16/2014,town sued
5/16/2014,dolphin activists
5/16/2014,Japan Times:
5/16/2014,dolphin
5/16/2014,Japan
5/16/2014,sued
5/16/2014,dolphin activists
5/16/2014,Japan whaling
5/16/2014,Japan whaling town sued
5/16/2014,dolphin
5/16/2014,Japan
5/16/2014,Japan whaling town sued by dolphin activists
5/16/2014,dolphin
5/16/2014,Japan whaling
5/16/2014,Japan whaling town sued
5/16/2014,Japan whaling town sued by dolphin activists
5/16/2014,dolphin
5/16/2014,dolphin activists
5/16/2014,Japan whaling
5/16/2014,"whaling,"
5/16/2014,Sea Shepherd
5/16/2014,Whaling
5/16/2014,Whaling Nations
5/16/2014,#Lebroning
5/16/2014,#Whaling:
5/16/2014,Vine Internet Craze! #YEET #Lebroning #Whaling:
5/16/2014,Japan whaling town sued by dolphin activists
5/16/2014,dolphin
5/16/2014,dolphin activists
5/16/2014,Japan whaling
5/16/2014,town sued by dolphin activists
5/16/2014,Japan whaling town
5/16/2014,whaling
5/16/2014,whaling ship
5/16/2014,Restored whaling ship
5/16/2014,whaling ship
5/16/2014,whaling ship prepares
5/16/2014,"whaling ship prepares to set sail,"
5/16/2014,"Restored whaling ship prepares to set sail,"
5/16/2014,add pressure to take Japanese whaling ships off the roster of insurables soon?
5/16/2014,Japanese whaling ships
5/16/2014,take Japanese whaling ships off the roster of insurables
5/16/2014,Japanese whaling
5/16/2014,"Japan starts ""research whaling"" in northwestern Pacific Ocean"
5/16/2014,"Japan starts ""research whaling"""
5/16/2014,"whaling"""
5/16/2014,Japan
5/16/2014,Restorted American whaling ship
5/16/2014,whaling ship
5/16/2014,"#Japan starts ""research whaling"""
5/16/2014,"""research whaling"""
5/16/2014,"whaling"""
5/16/2014,#Japan
5/16/2014,whaling ships
5/16/2014,#Whaling:
5/16/2014,#Whaling:
5/16/2014,whaling
5/16/2014,American whaling ship
5/16/2014,Whaling
5/16/2014,Giant Lizards Whaling on
5/16/2014,whaling
5/16/2014,"whaling ship,"
5/16/2014,dolphin activists
5/16/2014,Whaling
5/16/2014,Whaling town sued
5/16/2014,dolphin
5/16/2014,Whaling town
5/16/2014,Activists sue Japanese whaling town
5/16/2014,Activists sue Japanese whaling town3News
5/16/2014,Japanese whaling
5/17/2014,#Japan's
5/17/2014,#Whaling
5/17/2014,#Whaling
5/17/2014,"""YEET"" Compilation"
5/17/2014,#Whaling:
5/17/2014,"whaling,"
5/17/2014,WHALING
5/17/2014,Japan Ordered To Suspend Controversial Whaling Program
5/17/2014,Suspend
5/17/2014,Whaling
5/17/2014,Whaling Program
5/17/2014,whales!
5/17/2014,Japan
5/17/2014,whaling
5/17/2014,whaling ship
5/17/2014,whaling:
5/17/2014,#WhaleWatching
5/17/2014,@WHALES_org:
5/17/2014,#WhaleWatching
5/17/2014,#whaling
5/17/2014,whaling
5/17/2014,"A 19th-century whaling ship,"
5/17/2014,whaling
5/17/2014,sets sail
5/17/2014,support whaling
5/17/2014,Japan used ###30 million of their Tsunami relief funds to support whaling
5/17/2014,whaling
5/17/2014,Japan
5/17/2014,"#Japan are at it again, starts ""research whaling"""
5/17/2014,"whaling"""
5/17/2014,#Japan
5/17/2014,"""research whaling"""
5/17/2014,"whaling"""
5/17/2014,#Japan
5/17/2014,"starts ""research whaling"" in northwestern"
5/17/2014,Japanese whaling:
5/17/2014,International Court of Justice rules on Japanese whaling:
5/17/2014,Whaling
5/17/2014,#AnimalRights Whaling
5/17/2014,Whaling
5/17/2014,whaling
5/18/2014,White Whale that Destroyed Over 20 Whaling Ships
5/18/2014,Whale
5/18/2014,Whaling
5/18/2014,White Whale
5/18/2014,Destroyed
5/18/2014,whaling
5/18/2014,lanthanum
5/18/2014,thievish
5/18/2014,Tarpon whaling
5/18/2014,Whaling
5/18/2014,Japan Tsunami Funds Aid Whaling Fleet
5/18/2014,Funds
5/18/2014,Japan
5/18/2014,Whaling Fleet
5/18/2014,whaling
5/18/2014,whale watching trumps whaling
5/18/2014,whaling
5/19/2014,Whaling
5/19/2014,Japan accepts
5/19/2014,whaling
5/19/2014,Antarctic whaling
5/19/2014,Japan
5/19/2014,ban on Antarctic whaling
5/19/2014,Whaling
5/19/2014,Whale Slaughter
5/19/2014,Whale
5/19/2014,Japan
5/19/2014,#Whaling
5/19/2014,whaling
5/19/2014,"whaling,"
5/19/2014,Whaling
5/20/2014,Japan strikes back on whaling
5/20/2014,whaling
5/20/2014,Japan
5/20/2014,Japan whaling town sued by dolphin activists
5/20/2014,Japan whaling
5/20/2014,Japan whaling town sued
5/20/2014,dolphin
5/20/2014,Japan
5/21/2014,JAPAN
5/21/2014,Whaling
5/21/2014,whale
5/21/2014,#Whaling
5/22/2014,North
5/22/2014,Japan's
5/22/2014,whaling
5/22/2014,Japan's scientific whaling
5/22/2014,whaling
5/22/2014,Kill Whales
5/22/2014,Didn't
5/22/2014,Whaling
5/22/2014,Captain
5/22/2014,whaling
5/22/2014,whaling
5/22/2014,Whaling
5/22/2014,Norwegian Whaling
5/22/2014,Whaling
5/22/2014,#Norway #Whales #Whaling
5/23/2014,Whaling
5/23/2014,Whales
5/23/2014,#Whaling:
5/23/2014,#Whaling:
5/23/2014,#Lebroning #Whaling:
5/23/2014,Kill Whales
5/23/2014,Whaling
5/28/2014,whaling
5/28/2014,Icelandic whaling
5/28/2014,arguments against Icelandic whaling
5/28/2014,Whale
5/28/2014,#whaling
5/28/2014,Whaling Museum
5/28/2014,Whaling
5/28/2014,National Anthems of Great Current Whaling Nations
5/28/2014,Alaska Whale Stew
5/28/2014,Whale
5/28/2014,#whaling
5/28/2014,#Tweet4Taiji #thecove #whaling
5/28/2014,whaling
5/28/2014,arguments against Icelandic whaling
5/28/2014,Alaska Whale Stew
5/28/2014,Whale
5/28/2014,Alaska Whale
5/28/2014,#whaling
5/28/2014,"whaling community in 1800s, protagonist"
5/28/2014,whaling community
5/28/2014,whaling
5/28/2014,Why we should allow whaling
5/28/2014,Why we
5/28/2014,allow whaling
5/28/2014,#Tweet4Taiji #ShutTaijiDown #tweet4dolphins #opkillingbay
5/28/2014,#tweet4dolphins
5/28/2014,we should
5/28/2014,Whaling!
5/28/2014,Stand Against Whaling!
5/28/2014,Against Whaling!
5/28/2014,"""Whaling"
5/28/2014,whaling community
5/28/2014,http://t_###_co/2JqJ0qFmZv
5/28/2014,Whale
5/28/2014,#whaling
5/28/2014,Whaling
5/28/2014,#seashepherd
5/28/2014,Current Whaling Nations
5/28/2014,South Korea
5/28/2014,#thecove
5/28/2014,Whaling
5/28/2014,#thecove
5/28/2014,Current Whaling Nations
5/28/2014,Whaling Nations
5/28/2014,Whaling
5/28/2014,#SeaShepherd
5/28/2014,Whaling
5/28/2014,#SeaShepherd
5/28/2014,Whaling
5/28/2014,Whaling Nations
5/28/2014,Whaling
5/28/2014,#seashepherd
5/28/2014,Whaling
5/29/2014,whaling
5/29/2014,stop whaling
5/29/2014,Japan to stop whaling
5/29/2014,Japan
5/29/2014,#Lebroning #Whaling
5/29/2014,"""YEET"" Compilation"
5/29/2014,#Whaling
5/29/2014,#Whaling
5/29/2014,Heather Whaling (@prtini) on the Art of Public Relations
5/29/2014,whaling
5/29/2014,whaling fleet scholarships
5/29/2014,Whale Wars
5/29/2014,Whale
5/29/2014,Japanese Whaling
5/29/2014,whaling
5/29/2014,Antarctic whaling
5/29/2014,court ban
5/29/2014,Japan
5/30/2014,Halt Antarctic Whaling
5/30/2014,Whaling
5/30/2014,Japan
6/3/2014,Vietnam
6/3/2014,"China,"
6/3/2014,2014 Part 2 feat